{"assets/images/Defense.png":["assets/images/Defense.png"],"assets/images/bg.png":["assets/images/bg.png"],"assets/images/button.png":["assets/images/button.png"],"assets/images/clock.png":["assets/images/clock.png"],"assets/images/defence.svg":["assets/images/defence.svg"],"assets/images/dice.png":["assets/images/dice.png"],"assets/images/ground.png":["assets/images/ground.png"],"assets/images/player_card.png":["assets/images/player_card.png"],"assets/images/power.png":["assets/images/power.png"],"assets/images/power.svg":["assets/images/power.svg"],"assets/images/speed.png":["assets/images/speed.png"],"assets/images/speed.svg":["assets/images/speed.svg"],"packages/cupertino_icons/assets/CupertinoIcons.ttf":["packages/cupertino_icons/assets/CupertinoIcons.ttf"]}